13633048cd98816d8f2c1cbe8dcd00193f24953d7e52208a51cb51f96617e9b4	886440	lib/firmware/ath10k/WCN3990/hw1.0/board-2.bin
fef6539e0127579536bc977be57a90d018b83f2931fedc3a8870fbe38d6c4127	60	lib/firmware/ath10k/WCN3990/hw1.0/firmware-5.bin
92e1501254e6de78c0f2e2cf091507d488b608d07e53acd14813a82744823ec2	3725044	lib/firmware/ath10k/WCN3990/hw1.0/wlanmdsp.mbn
f0ff9e5b6ce169eea9e485701b01cad71543dab7313fb25dd056be4ae7995e35	170576	lib/firmware/qca/crbtfw21.tlv
18cc38fff25a6a56bc163f1874184da93d90882dc047c9f0c534ed9888c543b3	4520	lib/firmware/qca/m1892/crnv21.bin
96a20c1c7d330c4abb79ee52045489c51e6744a86772ccdb50994494d5471ef4	12288	lib/firmware/qcom/m1892/dw_172hz.bin
7200edfe959637c4c087f737ddc75c35c3d0652e03fe3464f00e04bd38a38938	852	lib/firmware/qcom/sdm845/Meizu/m1892/slpi.b00
d663ec9f5bf8bd236529ef0e8f3128a869b3558d0c20a5b1774f6240bd1d03ab	7240	lib/firmware/qcom/sdm845/Meizu/m1892/slpi.b01
b521e4e8073278a100216ece7d84b04c5d6fc22f2e5605d06b67febf56213c6c	8920	lib/firmware/qcom/sdm845/Meizu/m1892/slpi.b02
2ab1e6718910cb325220c84861e02c7306020e2bc4aacab8a136dbd226d1d4f8	109980	lib/firmware/qcom/sdm845/Meizu/m1892/slpi.b03
8215e206266f1ac3f726d629009b19760956651c6773357bfe1521afcd1914b4	1732616	lib/firmware/qcom/sdm845/Meizu/m1892/slpi.b04
82eec2362fcf71a04edcdefb2d4a960d631e2360f09fcc4fc51701dd0683d055	1363440	lib/firmware/qcom/sdm845/Meizu/m1892/slpi.b05
b2821a32fd17a1c38f46f8fb76d8d3daee1d073af075331b6116ba61e6d5a259	175944	lib/firmware/qcom/sdm845/Meizu/m1892/slpi.b06
a5243f4712e02cc3ecac6c20fbdef5f5f7357a897ffe7e58fd1f67c68ea3df9f	109072	lib/firmware/qcom/sdm845/Meizu/m1892/slpi.b07
bf71b5052af802934f107f6ac9e7cedadfeed2430d7ba6302a50ea4b26cf4dd0	82	lib/firmware/qcom/sdm845/Meizu/m1892/slpi.b08
ad7facb2586fc6e966c004d7d1d16b024f5805ff7cb47c7a85dabd8b48892ca7	4096	lib/firmware/qcom/sdm845/Meizu/m1892/slpi.b09
742b22ae2a89d26b61e9118b7484af0bdaa0e78576bd4aca5f972f8c202e4fc0	63717	lib/firmware/qcom/sdm845/Meizu/m1892/slpi.b10
4a9459f4dbaf9135290877530f53073ff7c06f94f4164ffdd0265141a0a69aba	30016	lib/firmware/qcom/sdm845/Meizu/m1892/slpi.b11
56b43509285d29568fbcc84844fbca5ce15f86b144fc7c052ab286a5725ed82e	360448	lib/firmware/qcom/sdm845/Meizu/m1892/slpi.b12
7796187340df1ec30004e33f8cbd14c8217b331295db67c90364e0b8bffa8a59	1002197	lib/firmware/qcom/sdm845/Meizu/m1892/slpi.b13
faf554a78a4a2c57f72d826d52ecfe7ef95bfc4c7d7f4213f67710301b7ee456	704348	lib/firmware/qcom/sdm845/Meizu/m1892/slpi.b14
d32c810ba94495d259059d25d65c5d462ec66f273389e2a9143312444d92229b	1480	lib/firmware/qcom/sdm845/Meizu/m1892/slpi.b15
8d93017ae91a514e9a9b602bf68b60f3667e822bafcdc526fae416d7111a81c6	16356	lib/firmware/qcom/sdm845/Meizu/m1892/slpi.b16
ae18a226021595f7546bf3dc316ed2949a969724805a807515f9b11e96a637e9	55027	lib/firmware/qcom/sdm845/Meizu/m1892/slpi.b17
71ef8dfec09ef9d53bb49ce72bfd66b936172781a39a356241386d9ca6321f6b	224	lib/firmware/qcom/sdm845/Meizu/m1892/slpi.b18
be02e40f5921ad2effe1073a08b05ca8073d57ed03518703972b02150a0169c0	16	lib/firmware/qcom/sdm845/Meizu/m1892/slpi.b19
fafb90390d4ac4709600d4fd5ae55bd2b7a1252a957fa1d4ca36c654f4b3d2f6	71772	lib/firmware/qcom/sdm845/Meizu/m1892/slpi.b20
4249b954c1400d8b7520210f3782c90d1203e998eaa89bf4f62d48c60e50a48d	443228	lib/firmware/qcom/sdm845/Meizu/m1892/slpi.b21
ad2312863317141de2843b6d7b6b3573f48dfff8969b830d1e19875cc6ddd115	478996	lib/firmware/qcom/sdm845/Meizu/m1892/slpi.b22
2f1d13a9086e21874b0c3247dacd60e49be1fe7ec85498e8d881c2c2a7139ba4	140	lib/firmware/qcom/sdm845/Meizu/m1892/slpi.b23
ffc9e38501c00841470b2408ffe1222804c16d768fbb82bad7137ec2af84db9c	8092	lib/firmware/qcom/sdm845/Meizu/m1892/slpi.mdt
5343b1141c19ab1e1d22583941e05984834f7c8060de92212b3cc330b370a65b	403	lib/firmware/qcom/sdm845/Meizu/m1892/slpir.jsn
68e78c2cca89c18931ca1b241abf277bda1b75d939d8a8573bfabc43f049ed26	405	lib/firmware/qcom/sdm845/Meizu/m1892/slpius.jsn
c97cd5de29a3a4b5367173295479141e84da37a4a55162a9b6959ea601ff6b9a	14240	lib/firmware/qcom/sdm845/m1892/a630_zap.mbn
33dad6f0a2a4758bb2566eefb6d9abbb98f3ad35e19920026a18e25fac519a17	564	lib/firmware/qcom/sdm845/m1892/adsp.b00
c157aa95c3760784e9d4c2059154a522d421ebe78127e77552d5d6114dafe7ed	6952	lib/firmware/qcom/sdm845/m1892/adsp.b01
85c8b5adbcfc328f626f02f855857e485ed625c78efac670a38d114d3747fa11	8408	lib/firmware/qcom/sdm845/m1892/adsp.b02
7c2618fe4e964cfb1c5f716442f0688cb00dd43434f657bc7b585c59ed111a82	120356	lib/firmware/qcom/sdm845/m1892/adsp.b03
b53d91ee80a7b3912b8055bed5f2aa900bb6a9f30274f7c63aae5cb14bf5a8a8	1827328	lib/firmware/qcom/sdm845/m1892/adsp.b04
41405d23302d928ca12241281eb94728fa2d103bbbceaa37c9181a30bb3542eb	1144036	lib/firmware/qcom/sdm845/m1892/adsp.b05
e92e12f80d2ba6393c82f2af32ec30f2859e66da5ba201fd43cbc91dbaf752f2	2872	lib/firmware/qcom/sdm845/m1892/adsp.b06
b155f19ece77fb1724adc2d6dc8b7cf656c6797186d53d44c84dd6488130d4ee	33548	lib/firmware/qcom/sdm845/m1892/adsp.b07
01c197486750a07b36f7ec8933f40c5bf32fb9f6fa3301a266125af7aa085385	438272	lib/firmware/qcom/sdm845/m1892/adsp.b08
b97e25f4d2aef2bece3c1b41dd9e54a165e38605e5d1a8bf472e42cc40e9450e	6956252	lib/firmware/qcom/sdm845/m1892/adsp.b09
8f5ad72a58ab4852c614d65160977c97e63b90c1afa051c795d71ecae7b39e2c	573848	lib/firmware/qcom/sdm845/m1892/adsp.b10
899ebc48a12f340c021a205b262725f16ef01c89d341b697884df53bfb8b924b	2448	lib/firmware/qcom/sdm845/m1892/adsp.b11
d83aa0d9bee390ee0ffa905a84071f4b8f09870974a6a00375efbe3fb65a7888	162636	lib/firmware/qcom/sdm845/m1892/adsp.b12
3ab792fa921643c61a28aced2de98266dcc8f94fc83344404d52a9b1a5847af7	135016	lib/firmware/qcom/sdm845/m1892/adsp.b13
3c3b5db19ce511f7405632b9ffc42228f90fa054a7f45c38758361bd519654be	132	lib/firmware/qcom/sdm845/m1892/adsp.b14
395cee8d13744af73ce495c4f65afc9dea47e2d881fb8119049172f73ddb83b6	7516	lib/firmware/qcom/sdm845/m1892/adsp.mdt
dda6338c5a331cb8db31c806b93cfb77028a10291b5b9ad6172b6b6218d7fdc6	212	lib/firmware/qcom/sdm845/m1892/ipa_fws.b00
0c1f66ac47b965d5ce77a8f1860c69b7e26d07cd05957ee4a21ffa3fd66b3694	6600	lib/firmware/qcom/sdm845/m1892/ipa_fws.b01
fc00e78a3e73909eb33e01591cb8758c66bb58d91283c8396fc3ffac97fd17ab	14528	lib/firmware/qcom/sdm845/m1892/ipa_fws.b02
14024088f436ebd24b097cb113b2177e12c939efdac0211d560c7cc498611507	128	lib/firmware/qcom/sdm845/m1892/ipa_fws.b03
8d572c4b4dee9572d90ab90137ec030331856bbfd8bf2e6ee315da4a5bab3373	320	lib/firmware/qcom/sdm845/m1892/ipa_fws.b04
d8fd2615f48155c05cdf3cfa05eb31b6b7c3beda210ea1e478dbe30231385b40	6812	lib/firmware/qcom/sdm845/m1892/ipa_fws.mdt
9836e9b978e6b4c4bc25c7c5d66ba2900e8bd8c770a7e6fce18fc39714106538	238304	lib/firmware/qcom/sdm845/m1892/mba.mbn
6f29f2e12d17fccab4546b27bd9a9eebcc23fdaf94aa86d66b814897f2899d05	1012	lib/firmware/qcom/sdm845/m1892/modem.b00
6eec54d88436136e095bca622823eaf93b52cf1f794de86817a8ab763cc7b51e	7400	lib/firmware/qcom/sdm845/m1892/modem.b01
0010b9555594278b806900903071c393601ec31afec17d8f1b9b915d66c6ba35	7968	lib/firmware/qcom/sdm845/m1892/modem.b02
d4e8ff3a4f9616605439d6126bebcd7004db6a6eeebe834b4f9fe4361bd9743a	8440	lib/firmware/qcom/sdm845/m1892/modem.b03
b7d8582f6f69175cb5214720a616206bfa1a747a7eb3f525b5d412ab9d15935b	235976	lib/firmware/qcom/sdm845/m1892/modem.b04
4510b2f0fc9f48f8a831074372db8a7a84d5efafa8302d6ee8d4c128e5aed1ef	296720	lib/firmware/qcom/sdm845/m1892/modem.b05
2b76a782ea83282950f2d316d8c4ebcdfdae81be9524aebc64f43f7d86397c8b	52932	lib/firmware/qcom/sdm845/m1892/modem.b06
4f72aa576a9b5e3725a24e32b3eb30513aafb151b2b9a34d4d40852162c48aa8	124984	lib/firmware/qcom/sdm845/m1892/modem.b07
d39efbebf6dd4367d39f909b132a070839ff1bed8f8c499fe9867a60c6172c0d	114772	lib/firmware/qcom/sdm845/m1892/modem.b08
09818095bd3fe8721e232045476a2ffae01523730bb5958060c28625264ca521	348	lib/firmware/qcom/sdm845/m1892/modem.b09
516da7fe7edc08c7f1c6afefeae0faf9bdf9f0d98552c59d146592f509ca5397	2666628	lib/firmware/qcom/sdm845/m1892/modem.b10
96788280a429cfefadade45fe653c962b709f6c38ea2935819e41a567bae9d8d	1306624	lib/firmware/qcom/sdm845/m1892/modem.b11
347a9f9a8647bef6cefe9a706b11f6f74352401af5af6c73550d854d14a52eed	1862448	lib/firmware/qcom/sdm845/m1892/modem.b12
8f0fb7f3c3686da496acb74acd5f49330d168286573c4c678011c5189b326352	311296	lib/firmware/qcom/sdm845/m1892/modem.b13
747356adc937691563acafcf81a473fe75bf731d13c5e39afefc95e601f0a4dc	501424	lib/firmware/qcom/sdm845/m1892/modem.b15
7e077fc257062e66aa67ae90d8e0eb62110ec6340b8ab495895cbdc8a9a48e3c	19208857	lib/firmware/qcom/sdm845/m1892/modem.b16
7cb2e05b3d5b364f6fa52c3aafbed30429752c76e4838d2e423c995323adc100	4146688	lib/firmware/qcom/sdm845/m1892/modem.b17
f0339f53fab31f4df6ab696b6be0b917dc4e1c30247b9ee1793dc3dd6f219491	45	lib/firmware/qcom/sdm845/m1892/modem.b18
3b7ee43f0df4a9f434595215cec00f08d34c53e118e023b88032253783cd5811	75968	lib/firmware/qcom/sdm845/m1892/modem.b20
3eb131706dbcba30fb783c553b2325ceb35b6bceda812929062526ac76127a03	26107968	lib/firmware/qcom/sdm845/m1892/modem.b21
5a9a5fe77b4bfc081e985f7958859eb0cde954a2184d98f77ea6d2258066d3b2	693710	lib/firmware/qcom/sdm845/m1892/modem.b22
66607f63aa7d9bddb12e5fde730c2f34a97fd1670b5873abeec218f9b3a1737e	90112	lib/firmware/qcom/sdm845/m1892/modem.b23
53840e613125c9ece63373560644e3ee58620405f5b983777736b0273cdeef90	1593344	lib/firmware/qcom/sdm845/m1892/modem.b24
d4797ddc8b387bafcdfad6fd9abd4614bba5f8bdb56d7d267bb316bc3406c105	475116	lib/firmware/qcom/sdm845/m1892/modem.b25
68c9635a4037bb318bfd7055ffb5068e4333575c23eb8035a11c1416208d20d9	73028	lib/firmware/qcom/sdm845/m1892/modem.b26
5715c46b45c6d507285898b19e0c9cd242afa7071b8460700fb203a0d3d309e0	4828	lib/firmware/qcom/sdm845/m1892/modem.b27
4611e2a5428b250feb64411e34c5500d75e1863ba19f0f2d471d2b2f783ef853	208	lib/firmware/qcom/sdm845/m1892/modem.b28
f714d7880d088b804c5f04363229a77817a768d955b4dcf1605459e1fda37c2c	8412	lib/firmware/qcom/sdm845/m1892/modem.mbn
2228be26411289cf94ebfd3f6c5ba3fc2dda985c5e825a784eeb2e74edb3ef0e	212	lib/firmware/qcom/venus-5.2/venus.b00
25a14e6315b4abb2e89efbfc74eba8763a62834d24b71f3197e0e87558155204	6600	lib/firmware/qcom/venus-5.2/venus.b01
8d7a4d34c60a74037e2c8f1696d0c9c28a65b20a991a6b9a000cc64531dc673b	812428	lib/firmware/qcom/venus-5.2/venus.b02
3a71d6dd6098005e0e9ffb3249e13dd1f60baebf53ad5e26440636d271f41159	33536	lib/firmware/qcom/venus-5.2/venus.b03
43b09596e1496809aaa964b34c146580f0566c86bc9d7218a1288fd15fb93424	32	lib/firmware/qcom/venus-5.2/venus.b04
14c5ff36b505333f3ad58713ca5537295227fd0fbfcf7744633f3cce04c0a05a	6812	lib/firmware/qcom/venus-5.2/venus.mbn
53d10483365b5d8f37493f6c4aadccdc4ac914f4268e701a91ba6d771f89676a	16960	usr/share/qcom/sdm845/Meizu/m1892/dsp/sdsp/cellinfo_tools.so
aa602d40168d20c80821f6d566ca973566920c8033015e8b69674c51d6e03893	22072	usr/share/qcom/sdm845/Meizu/m1892/dsp/sdsp/chre_app_coverage.so
1973048c5deb69039ad6b2f7b06fff125692221e54255b87e1071dac2ccef68c	22016	usr/share/qcom/sdm845/Meizu/m1892/dsp/sdsp/chre_app_coverage2.so
a1bbd304a92d3696c702dcd29a7b3c9897d967354ca483444c79ab2b797c14a2	20896	usr/share/qcom/sdm845/Meizu/m1892/dsp/sdsp/chre_app_oem.so
9cad12ec8f78888d9f8249fbf7ccc460edd4b1ab3536a3d95fa23d4fc988e161	27464	usr/share/qcom/sdm845/Meizu/m1892/dsp/sdsp/chre_app_sensor_cfg.so
a4697c3ef9d9fa473ec23f64e531f6e6e2a63633dafc3b1891c2e2b6fe662b42	113344	usr/share/qcom/sdm845/Meizu/m1892/dsp/sdsp/chre_drv_bt.so
03c2ae1acea4bda0940a05d3845a5dafe33f4568eb3e1394b4f8525c2ba56e3d	800856	usr/share/qcom/sdm845/Meizu/m1892/dsp/sdsp/chre_drv_gf.so
141a6686136b0483e9945b1a1b49da82bfc78064275a9e38dff555a204fca4d7	544664	usr/share/qcom/sdm845/Meizu/m1892/dsp/sdsp/chre_drv_loc.so
b7b42aeebc9c85ef1294cf6da15a5b483f89d374a1dbbad04fa6937bca36d0f6	229312	usr/share/qcom/sdm845/Meizu/m1892/dsp/sdsp/chre_drv_modem.so
8415a3b72ca4b9ae3bcca64583d5c71855b6e24688f639080f5b636f77d337ca	88832	usr/share/qcom/sdm845/Meizu/m1892/dsp/sdsp/chre_drv_wifi.so
1f7551f99c98376e0378c979e9bf768bc8e79b0ea26ca3b672a389f49f996538	9504	usr/share/qcom/sdm845/Meizu/m1892/dsp/sdsp/chre_pal.so
976a77d70dcb6ed6233f73f9b9b64fef16951e40ee5824ac3fd3b74a6cdf5086	857160	usr/share/qcom/sdm845/Meizu/m1892/dsp/sdsp/fastrpc_shell_2
1ec7693ca0b85872fae874d4a84fe9abada0b79848a013812c48e67a4ee854e7	6808960	usr/share/qcom/sdm845/Meizu/m1892/dsp/sdsp/libFastRPC_UTF_Forward_800s_sdm845_skel.so
dcb8cce6341a2516c3b39eead3ba313ba8c2ff51984eebc07d51d1eb7e250533	2700560	usr/share/qcom/sdm845/Meizu/m1892/dsp/sdsp/libchre_slpi_skel.so
7c5d872cb1133c6d290434b4cd7fc39bcca292b075e7167e2cc710a85abeb38b	74984	usr/share/qcom/sdm845/Meizu/m1892/dsp/sdsp/libstabilitydomain_skel.so
6a5289ca30cc727981b0f7bee62fe5506e29ff9c34419df6188530a9c9fc344b	127088	usr/share/qcom/sdm845/Meizu/m1892/dsp/sdsp/libsysmon_skel.so
1d9b17d99b677f4c643c47733545121a01df1ec4be46a487c8ccd8a7883cd7ba	175824	usr/share/qcom/sdm845/Meizu/m1892/dsp/sdsp/libsysmondomain_skel.so
cc0c82bd2578151ed501d6394838f289d7e905ace9896939f046c34bcc8d9159	335696	usr/share/qcom/sdm845/Meizu/m1892/dsp/sdsp/lowi_client.so
b07b5fe5b3c62504e02764607ab4e8114d8125f755128b161f964ef97d264be8	1477	usr/share/qcom/sdm845/Meizu/m1892/dsp/sdsp/map_SHARED_LIBS_AAAAAAAAQ.txt
e3b0c44298fc1c149afbf4c8996fb92427ae41e4649b934ca495991b7852b855	0	usr/share/qcom/sdm845/Meizu/m1892/dsp/sdsp/map_SSC_SLPI_USER_AAAAAAAAQ.txt
1cb1866b2f37ba0a075b414a7585b7a5bf5acee42735727d0ed4964281f9ff2f	26904	usr/share/qcom/sdm845/Meizu/m1892/dsp/sdsp/sensor_testapp_40.so
a914ff704800d45d614b79b16e0125d7c1dfd1b036a05ca39f5c35c89c673bcc	921	usr/share/qcom/sdm845/Meizu/m1892/sensors/config/ak991x_dri_0.json
f8289fb86b9ceb869a7657c3b3e2f223bd86ae768706c05c6e1d8c4a2648a56f	561	usr/share/qcom/sdm845/Meizu/m1892/sensors/config/bh1745_0.json
726756197eed131ad6b130bb5baecbeb3a1c6969ed35ef6c3581ee2629679125	637	usr/share/qcom/sdm845/Meizu/m1892/sensors/config/config_list.txt
e453fb591fa4d6f1d1c48852b8d05330a373f4fefd35f9c5110a4676990cc0b5	1925	usr/share/qcom/sdm845/Meizu/m1892/sensors/config/icm206xx_0.json
a7e894c64299ee1af250b15bf304ce12096e35788b1221ac6bd95853a3b26270	665	usr/share/qcom/sdm845/Meizu/m1892/sensors/config/mmc3530kj_0.json
51c94243416d4b803336f5bd9116b71dd533a72a87a25449adccfe8b0b721093	755	usr/share/qcom/sdm845/Meizu/m1892/sensors/config/sdm845_2p5K_tmx4903.json
94ee10e711b218c3b1aeedc1e7cd31bbe6d192a420809cbf4c14647e467d272a	740	usr/share/qcom/sdm845/Meizu/m1892/sensors/config/sdm845_4K_tmx4903.json
b94cd16affc19592abf4680b9ccbb96555e70eb452b72d9661af6a0be6014d59	3820	usr/share/qcom/sdm845/Meizu/m1892/sensors/config/sdm845_ak991x_0.json
4b106f524e244cf3f53f0a756b3ee815567a37b00f98a2a19cc029917e78fa7a	1616	usr/share/qcom/sdm845/Meizu/m1892/sensors/config/sdm845_bh1745_0.json
290b5d2f3f01e431cf27da40deb08787b3a844d74d858fdd3bf0d7968feb5748	5887	usr/share/qcom/sdm845/Meizu/m1892/sensors/config/sdm845_icm206xx_0.json
dc84bfc7a785b1f85b83ddb2ef75e9338f238d47a3832c05f7345587d91dae36	3688	usr/share/qcom/sdm845/Meizu/m1892/sensors/config/sdm845_mmc3530kj_0.json
711ec58022d807441ff46d6f8b3e5de54db6c7a70e7a68270a0c7f4becb19612	14838	usr/share/qcom/sdm845/Meizu/m1892/sensors/config/sdm845_power_0.json
9cf217c414cf05fc3aaa9987bf59cf8313509fa6177d287fbe72ee7f38db9262	1831	usr/share/qcom/sdm845/Meizu/m1892/sensors/config/sdm845_stk3x2x_0.json
23b64681da39b9dca4c4b21c19f707e345486cd8e61cefab5aa00ac75f2a9980	456	usr/share/qcom/sdm845/Meizu/m1892/sensors/config/sns_amd.json
4117df97830005313ea4a605e9f43c002ee1a2ac895eb3af901bc1ce59f63b0a	881	usr/share/qcom/sdm845/Meizu/m1892/sensors/config/sns_basic_gestures.json
a34ebda30d18c8401179adbebafff7cfde32dab1ee31678c294687da2db9a720	901	usr/share/qcom/sdm845/Meizu/m1892/sensors/config/sns_bring_to_ear.json
72d1eacbc488e0650dfd795deb8763025d4cdf2b764b10c1ef9a020614f0f93a	341	usr/share/qcom/sdm845/Meizu/m1892/sensors/config/sns_cm.json
f40134f1ca7335c64b9fd288eb31d0dda5e9a78fa610c78ec77f2d3ce1e8967f	888	usr/share/qcom/sdm845/Meizu/m1892/sensors/config/sns_device_orient.json
1b8a22785e46f2b2d6e360a47121b40adcd641b3d36a2b42846a550c7cec6347	4127	usr/share/qcom/sdm845/Meizu/m1892/sensors/config/sns_diag_filter.json
20c44e584fb085426f5a751983628a078368bf12e54599e36d4ddf3405fdd728	817	usr/share/qcom/sdm845/Meizu/m1892/sensors/config/sns_distance_bound.json
8154c978564b87407e16b16eb2d17e5578d3ab1b3808814c211c8ff5b063500d	607	usr/share/qcom/sdm845/Meizu/m1892/sensors/config/sns_dpc.json
501c8eac52a15b6312706040b6a10693b1f4103d4b0319f7399ac0eee6dc148d	579	usr/share/qcom/sdm845/Meizu/m1892/sensors/config/sns_facing.json
aaac1ae2b55d392e26f4e8f6a739a5bd5b480d7f6105b16134fae12a1aabaf17	1369	usr/share/qcom/sdm845/Meizu/m1892/sensors/config/sns_fmv.json
01dc5b50af8c21c77befd10955984a1b3bf503cdab84a405bce70a18dd377397	863	usr/share/qcom/sdm845/Meizu/m1892/sensors/config/sns_geomag_rv.json
5b92b225f669f830b7985478f16639abcf0ae13b65bebb2ca7cfef78fa954879	604	usr/share/qcom/sdm845/Meizu/m1892/sensors/config/sns_gyro_cal.json
52211dfdf0df636039edc21c6ef807c521efafb3fa3120b216e79683e25e9a99	285	usr/share/qcom/sdm845/Meizu/m1892/sensors/config/sns_mag_cal.json
9b2ee1b1c8d3ebdd4b325ab791370e110440845613e3f02c249b89e338147e4d	586	usr/share/qcom/sdm845/Meizu/m1892/sensors/config/sns_multishake.json
4b158fb3f2dc6e4f5d7d878929a7831a725399acb216f8523e0d762220d4a309	755	usr/share/qcom/sdm845/Meizu/m1892/sensors/config/sns_pedometer.json
f617aad05ba4c4f809e8e34f2ae8ce486153f8c38756bdc163ee3293cd53e775	533	usr/share/qcom/sdm845/Meizu/m1892/sensors/config/sns_rmd.json
3030416980d74d4de710006dc0f30599f9fb1ea9722c8ff6b58e0d3f5aaef4a7	493	usr/share/qcom/sdm845/Meizu/m1892/sensors/config/sns_rotv.json
6630ea5c157d292ec6bb27b1631080aa30c426684c1b84867044871b86688a4e	991	usr/share/qcom/sdm845/Meizu/m1892/sensors/config/sns_smd.json
47f0d149784c3af25c1dff7a831f9dff6c1efcdf0ed8421dfcf9441c69811933	534	usr/share/qcom/sdm845/Meizu/m1892/sensors/config/sns_tilt.json
3c7f89aa8ecd6af110945c41e58f734f291cc4a58877a1ca888f894e69ca3946	1260	usr/share/qcom/sdm845/Meizu/m1892/sensors/config/sns_tilt_to_wake.json
107d80020e8172d290f600bc83e55c9ea52da8b59dd4245e0bcda77040c6e5cd	623	usr/share/qcom/sdm845/Meizu/m1892/sensors/config/stk3x2x_0.json
